Oct 06, 2020;10‚ÿ621,66
Oct 05, 2020;10‚ÿ804,00
Oct 04, 2020;10‚ÿ684,43
Oct 03, 2020;10‚ÿ565,49
Oct 02, 2020;10‚ÿ585,16
Oct 01, 2020;10‚ÿ623,33
Sep 30, 2020;10‚ÿ787,62
Sep 29, 2020;10‚ÿ848,83
Sep 28, 2020;10‚ÿ721,33
Sep 27, 2020;10‚ÿ774,43
Sep 26, 2020;10‚ÿ754,44
Sep 25, 2020;10‚ÿ702,29
Sep 24, 2020;10‚ÿ745,55
Sep 23, 2020;10‚ÿ225,86
Sep 22, 2020;10‚ÿ538,46
Sep 21, 2020;10‚ÿ462,26
Sep 20, 2020;10‚ÿ938,27
Sep 19, 2020;11‚ÿ094,35
Sep 18, 2020;10‚ÿ944,59
Sep 17, 2020;10‚ÿ948,99
Sep 16, 2020;10‚ÿ974,90
Sep 15, 2020;10‚ÿ796,95
Sep 14, 2020;10‚ÿ680,84
Sep 13, 2020;10‚ÿ323,76
Sep 12, 2020;10‚ÿ442,17
Sep 11, 2020;10‚ÿ400,91
Sep 10, 2020;10‚ÿ363,14
Sep 09, 2020;10‚ÿ242,35
Sep 08, 2020;10‚ÿ131,52
Sep 07, 2020;10‚ÿ369,56
Sep 06, 2020;10‚ÿ280,35
Sep 05, 2020;10‚ÿ169,57
Sep 04, 2020;10‚ÿ511,81
Sep 03, 2020;10‚ÿ245,30
Sep 02, 2020;11‚ÿ414,03
Sep 01, 2020;11‚ÿ970,48
Aug 31, 2020;11‚ÿ680,82
Aug 30, 2020;11‚ÿ711,51
Aug 29, 2020;11‚ÿ506,87
Aug 28, 2020;11‚ÿ542,50
Aug 27, 2020;11‚ÿ323,40
Aug 26, 2020;11‚ÿ488,36
Aug 25, 2020;11‚ÿ366,14
Aug 24, 2020;11‚ÿ774,60
Aug 23, 2020;11‚ÿ664,85
Aug 22, 2020;11‚ÿ681,83
Aug 21, 2020;11‚ÿ592,49
Aug 20, 2020;11‚ÿ878,37
Aug 19, 2020;11‚ÿ758,28
Aug 18, 2020;11‚ÿ991,23
Aug 17, 2020;12‚ÿ254,40
Aug 16, 2020;11‚ÿ892,80
Aug 15, 2020;11‚ÿ865,70
Aug 14, 2020;11‚ÿ768,87
Aug 13, 2020;11‚ÿ784,14
Aug 12, 2020;11‚ÿ584,93
Aug 11, 2020;11‚ÿ410,53
Aug 10, 2020;11‚ÿ878,11
Aug 09, 2020;11‚ÿ675,74
Aug 08, 2020;11‚ÿ754,05
Aug 07, 2020;11‚ÿ601,47
Aug 06, 2020;11‚ÿ779,77
Aug 05, 2020;11‚ÿ747,02
Aug 04, 2020;11‚ÿ205,89
Aug 03, 2020;11‚ÿ246,35
Aug 02, 2020;11‚ÿ053,61
Aug 01, 2020;11‚ÿ759,59
Jul 31, 2020;11‚ÿ323,47
Jul 30, 2020;11‚ÿ111,21
Jul 29, 2020;11‚ÿ100,47
Jul 28, 2020;10‚ÿ912,82
Jul 27, 2020;10‚ÿ990,87
Jul 26, 2020;9‚ÿ905,17
Jul 25, 2020;9‚ÿ677,11
Jul 24, 2020;9‚ÿ536,89
Jul 23, 2020;9‚ÿ581,07
Jul 22, 2020;9‚ÿ525,36
Jul 21, 2020;9‚ÿ374,89
Jul 20, 2020;9‚ÿ164,23
Jul 19, 2020;9‚ÿ185,82
Jul 18, 2020;9‚ÿ159,04
Jul 17, 2020;9‚ÿ151,39
Jul 16, 2020;9‚ÿ132,23
Jul 15, 2020;9‚ÿ192,84
Jul 14, 2020;9‚ÿ243,21
Jul 13, 2020;9‚ÿ243,61
Jul 12, 2020;9‚ÿ276,50
Jul 11, 2020;9‚ÿ240,35
Jul 10, 2020;9‚ÿ278,81
Jul 09, 2020;9‚ÿ277,97
Jul 08, 2020;9‚ÿ428,33
Jul 07, 2020;9‚ÿ252,28
Jul 06, 2020;9‚ÿ375,47
Jul 05, 2020;9‚ÿ073,94
Jul 04, 2020;9‚ÿ132,49
Jul 03, 2020;9‚ÿ087,30
Jul 02, 2020;9‚ÿ123,41
Jul 01, 2020;9‚ÿ228,33
Jun 30, 2020;9‚ÿ137,99
Jun 29, 2020;9‚ÿ190,85
Jun 28, 2020;9‚ÿ143,58
Jun 27, 2020;9‚ÿ045,39
Jun 26, 2020;9‚ÿ162,92
Jun 25, 2020;9‚ÿ264,81
Jun 24, 2020;9‚ÿ313,61
Jun 23, 2020;9‚ÿ629,66
Jun 22, 2020;9‚ÿ648,72
Jun 21, 2020;9‚ÿ303,63
Jun 20, 2020;9‚ÿ332,34
Jun 19, 2020;9‚ÿ288,02
Jun 18, 2020;9‚ÿ411,84
Jun 17, 2020;9‚ÿ480,26
Jun 16, 2020;9‚ÿ538,02
Jun 15, 2020;9‚ÿ450,70
Jun 14, 2020;9‚ÿ386,79
Jun 13, 2020;9‚ÿ475,28
Jun 12, 2020;9‚ÿ480,84
Jun 11, 2020;9‚ÿ321,78
Jun 10, 2020;9‚ÿ870,09
Jun 09, 2020;9‚ÿ795,70
Jun 08, 2020;9‚ÿ771,49
Jun 07, 2020;9‚ÿ758,85
Jun 06, 2020;9‚ÿ653,68
Jun 05, 2020;9‚ÿ665,53
Jun 04, 2020;9‚ÿ800,64
Jun 03, 2020;9‚ÿ656,72
Jun 02, 2020;9‚ÿ529,80
Jun 01, 2020;10‚ÿ167,27
May 31, 2020;9‚ÿ461,06
May 30, 2020;9‚ÿ700,41
May 29, 2020;9‚ÿ439,12
May 28, 2020;9‚ÿ525,75
May 27, 2020;9‚ÿ181,02
May 26, 2020;8‚ÿ835,05
May 25, 2020;8‚ÿ906,93
May 24, 2020;8‚ÿ790,37
May 23, 2020;9‚ÿ209,29
May 22, 2020;9‚ÿ182,58
May 21, 2020;9‚ÿ081,76
May 20, 2020;9‚ÿ522,98
May 19, 2020;9‚ÿ729,04
May 18, 2020;9‚ÿ726,57
May 17, 2020;9‚ÿ670,74
May 16, 2020;9‚ÿ377,01
May 15, 2020;9‚ÿ328,20
May 14, 2020;9‚ÿ733,72
May 13, 2020;9‚ÿ269,99
May 12, 2020;8‚ÿ804,48
May 11, 2020;8‚ÿ601,80
May 10, 2020;8‚ÿ756,43
May 09, 2020;9‚ÿ593,90
May 08, 2020;9‚ÿ842,67
May 07, 2020;9‚ÿ951,52
May 06, 2020;9‚ÿ268,76
May 05, 2020;9‚ÿ003,07
May 04, 2020;8‚ÿ912,65
May 03, 2020;8‚ÿ897,47
May 02, 2020;8‚ÿ988,60
May 01, 2020;8‚ÿ864,77
Apr 30, 2020;8‚ÿ658,55
Apr 29, 2020;8‚ÿ801,04
Apr 28, 2020;7‚ÿ807,06
Apr 27, 2020;7‚ÿ795,60
Apr 26, 2020;7‚ÿ679,87
Apr 25, 2020;7‚ÿ569,94
Apr 24, 2020;7‚ÿ550,90
Apr 23, 2020;7‚ÿ429,72
Apr 22, 2020;7‚ÿ117,21
Apr 21, 2020;6‚ÿ880,32
Apr 20, 2020;6‚ÿ881,96
Apr 19, 2020;7‚ÿ189,42
Apr 18, 2020;7‚ÿ257,66
Apr 17, 2020;7‚ÿ096,18
Apr 16, 2020;7‚ÿ116,80
Apr 15, 2020;6‚ÿ642,11
Apr 14, 2020;6‚ÿ842,43
Apr 13, 2020;6‚ÿ845,04
Apr 12, 2020;6‚ÿ971,09
Apr 11, 2020;6‚ÿ859,08
Apr 10, 2020;6‚ÿ865,49
Apr 09, 2020;7‚ÿ302,09
Apr 08, 2020;7‚ÿ334,10
Apr 07, 2020;7‚ÿ176,41
Apr 06, 2020;7‚ÿ271,78
Apr 05, 2020;6‚ÿ791,13
Apr 04, 2020;6‚ÿ867,53
Apr 03, 2020;6‚ÿ733,39
Apr 02, 2020;6‚ÿ793,62
Apr 01, 2020;6‚ÿ606,78
Mar 31, 2020;6‚ÿ438,64
Mar 30, 2020;6‚ÿ429,84
Mar 29, 2020;5‚ÿ922,04
Mar 28, 2020;6‚ÿ242,19
Mar 27, 2020;6‚ÿ469,80
Mar 26, 2020;6‚ÿ716,44
Mar 25, 2020;6‚ÿ681,06
Mar 24, 2020;6‚ÿ734,80
Mar 23, 2020;6‚ÿ416,31
Mar 22, 2020;5‚ÿ830,25
Mar 21, 2020;6‚ÿ185,07
Mar 20, 2020;6‚ÿ198,78
Mar 19, 2020;6‚ÿ191,19
Mar 18, 2020;5‚ÿ238,44
Mar 17, 2020;5‚ÿ225,63
Mar 16, 2020;5‚ÿ014,48
Mar 15, 2020;5‚ÿ392,31
Mar 14, 2020;5‚ÿ200,37
Mar 13, 2020;5‚ÿ563,71
Mar 12, 2020;4‚ÿ970,79
Mar 11, 2020;7‚ÿ911,43
Mar 10, 2020;7‚ÿ909,73
Mar 09, 2020;7‚ÿ923,64
Mar 08, 2020;8‚ÿ108,12
Mar 07, 2020;8‚ÿ909,95
Mar 06, 2020;9‚ÿ122,55
Mar 05, 2020;9‚ÿ078,76
Mar 04, 2020;8‚ÿ755,25
Mar 03, 2020;8‚ÿ787,79
Mar 02, 2020;8‚ÿ869,67
Mar 01, 2020;8‚ÿ562,45
Feb 29, 2020;8‚ÿ599,51
Feb 28, 2020;8‚ÿ672,46
Feb 27, 2020;8‚ÿ784,49
Feb 26, 2020;8‚ÿ820,52
Feb 25, 2020;9‚ÿ341,71
Feb 24, 2020;9‚ÿ650,17
Feb 23, 2020;9‚ÿ924,52
Feb 22, 2020;9‚ÿ663,18
Feb 21, 2020;9‚ÿ686,44
Feb 20, 2020;9‚ÿ608,48
Feb 19, 2020;9‚ÿ633,39
Feb 18, 2020;10‚ÿ142,00
Feb 17, 2020;9‚ÿ690,14
Feb 16, 2020;9‚ÿ934,43
Feb 15, 2020;9‚ÿ889,42
Feb 14, 2020;10‚ÿ312,12
Feb 13, 2020;10‚ÿ214,38
Feb 12, 2020;10‚ÿ326,05
Feb 11, 2020;10‚ÿ208,24
Feb 10, 2020;9‚ÿ856,61
Feb 09, 2020;10‚ÿ116,67
Feb 08, 2020;9‚ÿ865,12
Feb 07, 2020;9‚ÿ795,94
Feb 06, 2020;9‚ÿ729,80
Feb 05, 2020;9‚ÿ613,42
Feb 04, 2020;9‚ÿ180,96
Feb 03, 2020;9‚ÿ293,52
Feb 02, 2020;9‚ÿ344,37
Feb 01, 2020;9‚ÿ392,88
Jan 31, 2020;9‚ÿ350,53
Jan 30, 2020;9‚ÿ508,99
Jan 29, 2020;9‚ÿ316,63
Jan 28, 2020;9‚ÿ358,59
Jan 27, 2020;8‚ÿ909,82
Jan 26, 2020;8‚ÿ596,83
Jan 25, 2020;8‚ÿ367,85
Jan 24, 2020;8‚ÿ445,43
Jan 23, 2020;8‚ÿ406,52
Jan 22, 2020;8‚ÿ680,88
Jan 21, 2020;8‚ÿ745,89
Jan 20, 2020;8‚ÿ657,64
Jan 19, 2020;8‚ÿ706,25
Jan 18, 2020;8‚ÿ942,81
Jan 17, 2020;8‚ÿ929,04
Jan 16, 2020;8‚ÿ723,79
Jan 15, 2020;8‚ÿ807,01
Jan 14, 2020;8‚ÿ827,76
Jan 13, 2020;8‚ÿ144,19
Jan 12, 2020;8‚ÿ192,49
Jan 11, 2020;8‚ÿ037,54
Jan 10, 2020;8‚ÿ166,55
Jan 09, 2020;7‚ÿ879,07
Jan 08, 2020;8‚ÿ079,86
Jan 07, 2020;8‚ÿ163,69
Jan 06, 2020;7‚ÿ769,22
Jan 05, 2020;7‚ÿ411,32
Jan 04, 2020;7‚ÿ410,66
Jan 03, 2020;7‚ÿ344,88
Jan 02, 2020;6‚ÿ985,47
Jan 01, 2020;7‚ÿ200,17
Dec 31, 2019;7‚ÿ193,60
Dec 30, 2019;7‚ÿ293,00
Dec 29, 2019;7‚ÿ422,65
Dec 28, 2019;7‚ÿ317,99
Dec 27, 2019;7‚ÿ290,09
Dec 26, 2019;7‚ÿ238,97
Dec 25, 2019;7‚ÿ275,16
Dec 24, 2019;7‚ÿ322,53
Dec 23, 2019;7‚ÿ355,63
Dec 22, 2019;7‚ÿ511,59
Dec 21, 2019;7‚ÿ191,16
Dec 20, 2019;7‚ÿ218,82
Dec 19, 2019;7‚ÿ202,84
Dec 18, 2019;7‚ÿ276,80
Dec 17, 2019;6‚ÿ640,52
Dec 16, 2019;6‚ÿ932,48
Dec 15, 2019;7‚ÿ152,30
Dec 14, 2019;7‚ÿ124,67
Dec 13, 2019;7‚ÿ269,68
Dec 12, 2019;7‚ÿ243,13
Dec 11, 2019;7‚ÿ217,43
Dec 10, 2019;7‚ÿ278,12
Dec 09, 2019;7‚ÿ400,90
Dec 08, 2019;7‚ÿ564,35
Dec 07, 2019;7‚ÿ556,24
Dec 06, 2019;7‚ÿ547,00
Dec 05, 2019;7‚ÿ448,31
Dec 04, 2019;7‚ÿ252,03
Dec 03, 2019;7‚ÿ320,15
Dec 02, 2019;7‚ÿ321,99
Dec 01, 2019;7‚ÿ424,29
Nov 30, 2019;7‚ÿ569,63
Nov 29, 2019;7‚ÿ761,24
Nov 28, 2019;7‚ÿ463,11
Nov 27, 2019;7‚ÿ531,66
Nov 26, 2019;7‚ÿ218,37
Nov 25, 2019;7‚ÿ146,13
Nov 24, 2019;7‚ÿ047,92
Nov 23, 2019;7‚ÿ397,80
Nov 22, 2019;7‚ÿ296,58
Nov 21, 2019;7‚ÿ642,75
Nov 20, 2019;8‚ÿ027,27
Nov 19, 2019;8‚ÿ206,15
Nov 18, 2019;8‚ÿ309,29
Nov 17, 2019;8‚ÿ577,98
Nov 16, 2019;8‚ÿ550,76
Nov 15, 2019;8‚ÿ491,99
Nov 14, 2019;8‚ÿ708,10
Nov 13, 2019;8‚ÿ808,26
Nov 12, 2019;8‚ÿ815,66
Nov 11, 2019;8‚ÿ757,79
Nov 10, 2019;9‚ÿ055,53
Nov 09, 2019;8‚ÿ813,58
Nov 08, 2019;8‚ÿ804,88
Nov 07, 2019;9‚ÿ267,56
Nov 06, 2019;9‚ÿ360,88
Nov 05, 2019;9‚ÿ342,53
Nov 04, 2019;9‚ÿ412,61
Nov 03, 2019;9‚ÿ235,35
Nov 02, 2019;9‚ÿ324,72
Nov 01, 2019;9‚ÿ261,10
Oct 31, 2019;9‚ÿ199,58
Oct 30, 2019;9‚ÿ205,73
Oct 29, 2019;9‚ÿ427,69
Oct 28, 2019;9‚ÿ256,15
Oct 27, 2019;9‚ÿ551,71
Oct 26, 2019;9‚ÿ244,97
Oct 25, 2019;8‚ÿ660,70
Oct 24, 2019;7‚ÿ493,49
Oct 23, 2019;7‚ÿ514,67
Oct 22, 2019;8‚ÿ078,20
Oct 21, 2019;8‚ÿ243,72
Oct 20, 2019;8‚ÿ222,08
Oct 19, 2019;7‚ÿ988,56
Oct 18, 2019;7‚ÿ973,21
Oct 17, 2019;8‚ÿ103,91
Oct 16, 2019;8‚ÿ047,53
Oct 15, 2019;8‚ÿ205,37
Oct 14, 2019;8‚ÿ374,69
Oct 13, 2019;8‚ÿ321,01
Oct 12, 2019;8‚ÿ336,56
Oct 11, 2019;8‚ÿ321,76
Oct 10, 2019;8‚ÿ586,47
Oct 09, 2019;8‚ÿ595,74
Oct 08, 2019;8‚ÿ228,78
Oct 07, 2019;8‚ÿ245,62
Oct 06, 2019;7‚ÿ988,16
Oct 05, 2019;8‚ÿ151,50
Oct 04, 2019;8‚ÿ205,94
Oct 03, 2019;8‚ÿ259,99
Oct 02, 2019;8‚ÿ393,04
Oct 01, 2019;8‚ÿ343,28
Sep 30, 2019;8‚ÿ293,87
Sep 29, 2019;8‚ÿ104,19
Sep 28, 2019;8‚ÿ245,92
Sep 27, 2019;8‚ÿ251,85
Sep 26, 2019;8‚ÿ118,97
Sep 25, 2019;8‚ÿ486,99
Sep 24, 2019;8‚ÿ620,57
Sep 23, 2019;9‚ÿ729,32
Sep 22, 2019;10‚ÿ070,39
Sep 21, 2019;10‚ÿ019,72
Sep 20, 2019;10‚ÿ181,64
Sep 19, 2019;10‚ÿ266,41
Sep 18, 2019;10‚ÿ198,25
Sep 17, 2019;10‚ÿ241,27
Sep 16, 2019;10‚ÿ276,79
Sep 15, 2019;10‚ÿ347,71
Sep 14, 2019;10‚ÿ358,05
Sep 13, 2019;10‚ÿ360,55
Sep 12, 2019;10‚ÿ410,13
Sep 11, 2019;10‚ÿ178,37
Sep 10, 2019;10‚ÿ115,98
Sep 09, 2019;10‚ÿ334,97
Sep 08, 2019;10‚ÿ441,28
Sep 07, 2019;10‚ÿ517,25
Sep 06, 2019;10‚ÿ353,30
Sep 05, 2019;10‚ÿ575,53
Sep 04, 2019;10‚ÿ594,49
Sep 03, 2019;10‚ÿ623,54
Sep 02, 2019;10‚ÿ346,76
Sep 01, 2019;9‚ÿ757,97
Aug 31, 2019;9‚ÿ630,66
Aug 30, 2019;9‚ÿ598,17
Aug 29, 2019;9‚ÿ510,20
Aug 28, 2019;9‚ÿ754,42
Aug 27, 2019;10‚ÿ185,50
Aug 26, 2019;10‚ÿ370,82
Aug 25, 2019;10‚ÿ138,52
Aug 24, 2019;10‚ÿ159,96
Aug 23, 2019;10‚ÿ407,97
Aug 22, 2019;10‚ÿ131,06
Aug 21, 2019;10‚ÿ138,05
Aug 20, 2019;10‚ÿ763,23
Aug 19, 2019;10‚ÿ916,05
Aug 18, 2019;10‚ÿ345,81
Aug 17, 2019;10‚ÿ231,74
Aug 16, 2019;10‚ÿ374,34
Aug 15, 2019;10‚ÿ311,55
Aug 14, 2019;10‚ÿ051,70
Aug 13, 2019;10‚ÿ895,83
Aug 12, 2019;11‚ÿ382,62
Aug 11, 2019;11‚ÿ523,58
Aug 10, 2019;11‚ÿ354,02
Aug 09, 2019;11‚ÿ862,94
Aug 08, 2019;11‚ÿ966,41
Aug 07, 2019;11‚ÿ941,97
Aug 06, 2019;11‚ÿ478,17
Aug 05, 2019;11‚ÿ805,65
Aug 04, 2019;10‚ÿ970,18
Aug 03, 2019;10‚ÿ821,73
Aug 02, 2019;10‚ÿ518,17
Aug 01, 2019;10‚ÿ399,67
Jul 31, 2019;10‚ÿ085,63
Jul 30, 2019;9‚ÿ607,42
Jul 29, 2019;9‚ÿ519,15
Jul 28, 2019;9‚ÿ552,86
Jul 27, 2019;9‚ÿ477,68
Jul 26, 2019;9‚ÿ870,30
Jul 25, 2019;9‚ÿ911,84
Jul 24, 2019;9‚ÿ811,93
Jul 23, 2019;9‚ÿ900,77
Jul 22, 2019;10‚ÿ343,11
Jul 21, 2019;10‚ÿ599,11
Jul 20, 2019;10‚ÿ767,14
Jul 19, 2019;10‚ÿ530,73
Jul 18, 2019;10‚ÿ666,48
Jul 17, 2019;9‚ÿ693,80
Jul 16, 2019;9‚ÿ477,64
Jul 15, 2019;10‚ÿ895,09
Jul 14, 2019;10‚ÿ256,06
Jul 13, 2019;11‚ÿ392,38
Jul 12, 2019;11‚ÿ815,99
Jul 11, 2019;11‚ÿ358,66
Jul 10, 2019;12‚ÿ156,51
Jul 09, 2019;12‚ÿ573,81
Jul 08, 2019;12‚ÿ285,96
Jul 07, 2019;11‚ÿ450,85
Jul 06, 2019;11‚ÿ208,55
Jul 05, 2019;10‚ÿ978,46
Jul 04, 2019;11‚ÿ215,44
Jul 03, 2019;11‚ÿ961,27
Jul 02, 2019;10‚ÿ801,68
Jul 01, 2019;10‚ÿ583,13
Jun 30, 2019;10‚ÿ817,16
Jun 29, 2019;11‚ÿ959,37
Jun 28, 2019;12‚ÿ407,33
Jun 27, 2019;11‚ÿ182,81
Jun 26, 2019;13‚ÿ016,23
Jun 25, 2019;11‚ÿ790,92
Jun 24, 2019;11‚ÿ011,10
Jun 23, 2019;10‚ÿ855,37
Jun 22, 2019;10‚ÿ701,69
Jun 21, 2019;10‚ÿ144,56
Jun 20, 2019;9‚ÿ527,16
Jun 19, 2019;9‚ÿ273,52
Jun 18, 2019;9‚ÿ081,76
Jun 17, 2019;9‚ÿ320,35
Jun 16, 2019;8‚ÿ994,49
Jun 15, 2019;8‚ÿ838,38
Jun 14, 2019;8‚ÿ693,83
Jun 13, 2019;8‚ÿ230,92
Jun 12, 2019;8‚ÿ145,86
Jun 11, 2019;7‚ÿ927,71
Jun 10, 2019;8‚ÿ000,33
Jun 09, 2019;7‚ÿ688,08
Jun 08, 2019;7‚ÿ954,13
Jun 07, 2019;8‚ÿ043,95
Jun 06, 2019;7‚ÿ822,02
Jun 05, 2019;7‚ÿ824,23
Jun 04, 2019;7‚ÿ707,77
Jun 03, 2019;8‚ÿ208,99
Jun 02, 2019;8‚ÿ742,96
Jun 01, 2019;8‚ÿ564,02
May 31, 2019;8‚ÿ574,50
May 30, 2019;8‚ÿ319,47
May 29, 2019;8‚ÿ659,49
May 28, 2019;8‚ÿ719,96
May 27, 2019;8‚ÿ805,78
May 26, 2019;8‚ÿ673,22
May 25, 2019;8‚ÿ052,54
May 24, 2019;7‚ÿ987,37
May 23, 2019;7‚ÿ881,85
May 22, 2019;7‚ÿ680,07
May 21, 2019;7‚ÿ963,33
May 20, 2019;7‚ÿ978,31
May 19, 2019;8‚ÿ197,69
May 18, 2019;7‚ÿ271,21
May 17, 2019;7‚ÿ343,90
May 16, 2019;7‚ÿ884,91
May 15, 2019;8‚ÿ205,17
May 14, 2019;7‚ÿ994,42
May 13, 2019;7‚ÿ814,92
May 12, 2019;6‚ÿ972,37
May 11, 2019;7‚ÿ204,77
May 10, 2019;6‚ÿ378,85
May 09, 2019;6‚ÿ174,53
May 08, 2019;5‚ÿ982,46
May 07, 2019;5‚ÿ829,50
May 06, 2019;5‚ÿ746,81
May 05, 2019;5‚ÿ795,71
May 04, 2019;5‚ÿ831,17
May 03, 2019;5‚ÿ768,29
May 02, 2019;5‚ÿ505,28
May 01, 2019;5‚ÿ402,70
Apr 30, 2019;5‚ÿ350,73
Apr 29, 2019;5‚ÿ247,35
Apr 28, 2019;5‚ÿ285,14
Apr 27, 2019;5‚ÿ268,29
Apr 26, 2019;5‚ÿ279,35
Apr 25, 2019;5‚ÿ210,52
Apr 24, 2019;5‚ÿ464,87
Apr 23, 2019;5‚ÿ572,36
Apr 22, 2019;5‚ÿ399,37
Apr 21, 2019;5‚ÿ314,53
Apr 20, 2019;5‚ÿ337,89
Apr 19, 2019;5‚ÿ303,81
Apr 18, 2019;5‚ÿ298,39
Apr 17, 2019;5‚ÿ251,94
Apr 16, 2019;5‚ÿ235,56
Apr 15, 2019;5‚ÿ067,11
Apr 14, 2019;5‚ÿ167,72
Apr 13, 2019;5‚ÿ096,59
Apr 12, 2019;5‚ÿ089,54
Apr 11, 2019;5‚ÿ064,49
Apr 10, 2019;5‚ÿ324,55
Apr 09, 2019;5‚ÿ204,96
Apr 08, 2019;5‚ÿ289,77
Apr 07, 2019;5‚ÿ198,90
Apr 06, 2019;5‚ÿ059,82
Apr 05, 2019;5‚ÿ036,68
Apr 04, 2019;4‚ÿ922,80
Apr 03, 2019;4‚ÿ973,02
Apr 02, 2019;4‚ÿ879,88
Apr 01, 2019;4‚ÿ158,18
Mar 31, 2019;4‚ÿ105,40
Mar 30, 2019;4‚ÿ106,66
Mar 29, 2019;4‚ÿ098,37
Mar 28, 2019;4‚ÿ069,11
Mar 27, 2019;4‚ÿ087,07
Mar 26, 2019;3‚ÿ985,08
Mar 25, 2019;3‚ÿ963,07
Mar 24, 2019;4‚ÿ022,17
Mar 23, 2019;4‚ÿ035,83
Mar 22, 2019;4‚ÿ023,97
Mar 21, 2019;4‚ÿ029,33
Mar 20, 2019;4‚ÿ087,48
Mar 19, 2019;4‚ÿ071,19
Mar 18, 2019;4‚ÿ032,51
Mar 17, 2019;4‚ÿ025,23
Mar 16, 2019;4‚ÿ048,73
Mar 15, 2019;3‚ÿ960,91
Mar 14, 2019;3‚ÿ924,37
Mar 13, 2019;3‚ÿ906,72
Mar 12, 2019;3‚ÿ909,16
Mar 11, 2019;3‚ÿ905,23
Mar 10, 2019;3‚ÿ951,60
Mar 09, 2019;3‚ÿ963,31
Mar 08, 2019;3‚ÿ901,13
Mar 07, 2019;3‚ÿ911,48
Mar 06, 2019;3‚ÿ903,94
Mar 05, 2019;3‚ÿ896,38
Mar 04, 2019;3‚ÿ761,56
Mar 03, 2019;3‚ÿ847,18
Mar 02, 2019;3‚ÿ864,42
Mar 01, 2019;3‚ÿ859,58
Feb 28, 2019;3‚ÿ854,79
Feb 27, 2019;3‚ÿ851,05
Feb 26, 2019;3‚ÿ854,36
Feb 25, 2019;3‚ÿ882,70
Feb 24, 2019;3‚ÿ810,43
Feb 23, 2019;4‚ÿ142,53
Feb 22, 2019;4‚ÿ005,53
Feb 21, 2019;3‚ÿ954,12
Feb 20, 2019;3‚ÿ999,82
Feb 19, 2019;3‚ÿ947,09
Feb 18, 2019;3‚ÿ915,71
Feb 17, 2019;3‚ÿ673,84
Feb 16, 2019;3‚ÿ629,79
Feb 15, 2019;3‚ÿ620,81
Feb 14, 2019;3‚ÿ616,88
Feb 13, 2019;3‚ÿ632,07
Feb 12, 2019;3‚ÿ653,53
Feb 11, 2019;3‚ÿ648,43
Feb 10, 2019;3‚ÿ690,19
Feb 09, 2019;3‚ÿ671,20
Feb 08, 2019;3‚ÿ666,78
Feb 07, 2019;3‚ÿ399,47
Feb 06, 2019;3‚ÿ413,77
Feb 05, 2019;3‚ÿ466,36
Feb 04, 2019;3‚ÿ459,15
Feb 03, 2019;3‚ÿ464,01
Feb 02, 2019;3‚ÿ521,06
Feb 01, 2019;3‚ÿ487,95
Jan 31, 2019;3‚ÿ457,79
Jan 30, 2019;3‚ÿ486,18
Jan 29, 2019;3‚ÿ448,12
Jan 28, 2019;3‚ÿ470,45
Jan 27, 2019;3‚ÿ583,97
Jan 26, 2019;3‚ÿ602,46
Jan 25, 2019;3‚ÿ599,77
Jan 24, 2019;3‚ÿ600,87
Jan 23, 2019;3‚ÿ585,12
Jan 22, 2019;3‚ÿ604,58
Jan 21, 2019;3‚ÿ576,03
Jan 20, 2019;3‚ÿ601,01
Jan 19, 2019;3‚ÿ728,57
Jan 18, 2019;3‚ÿ657,84
Jan 17, 2019;3‚ÿ678,56
Jan 16, 2019;3‚ÿ655,01
Jan 15, 2019;3‚ÿ630,68
Jan 14, 2019;3‚ÿ706,05
Jan 13, 2019;3‚ÿ552,95
Jan 12, 2019;3‚ÿ661,30
Jan 11, 2019;3‚ÿ687,37
Jan 10, 2019;3‚ÿ678,92
Jan 09, 2019;4‚ÿ035,30
Jan 08, 2019;4‚ÿ030,85
Jan 07, 2019;4‚ÿ025,25
Jan 06, 2019;4‚ÿ076,63
Jan 05, 2019;3‚ÿ845,19
Jan 04, 2019;3‚ÿ857,72
Jan 03, 2019;3‚ÿ836,74
Jan 02, 2019;3‚ÿ943,41
Jan 01, 2019;3‚ÿ843,52
Dec 31, 2018;3‚ÿ742,70
Dec 30, 2018;3‚ÿ865,95
Dec 29, 2018;3‚ÿ820,41
Dec 28, 2018;3‚ÿ923,92
Dec 27, 2018;3‚ÿ654,83
Dec 26, 2018;3‚ÿ857,30
Dec 25, 2018;3‚ÿ815,49
Dec 24, 2018;4‚ÿ078,60
Dec 23, 2018;3‚ÿ998,98
Dec 22, 2018;4‚ÿ014,18
Dec 21, 2018;3‚ÿ896,54
Dec 20, 2018;4‚ÿ134,44
Dec 19, 2018;3‚ÿ745,95
Dec 18, 2018;3‚ÿ696,06
Dec 17, 2018;3‚ÿ545,86
Dec 16, 2018;3‚ÿ252,84
Dec 15, 2018;3‚ÿ236,76
Dec 14, 2018;3‚ÿ242,48
Dec 13, 2018;3‚ÿ313,68
Dec 12, 2018;3‚ÿ486,95
Dec 11, 2018;3‚ÿ424,59
Dec 10, 2018;3‚ÿ502,66
Dec 09, 2018;3‚ÿ614,23
Dec 08, 2018;3‚ÿ476,11
Dec 07, 2018;3‚ÿ419,94
Dec 06, 2018;3‚ÿ521,10
Dec 05, 2018;3‚ÿ753,99
Dec 04, 2018;3‚ÿ956,89
Dec 03, 2018;3‚ÿ894,13
Dec 02, 2018;4‚ÿ139,88
Dec 01, 2018;4‚ÿ214,67
Nov 30, 2018;4‚ÿ017,27
Nov 29, 2018;4‚ÿ278,85
Nov 28, 2018;4‚ÿ257,42
Nov 27, 2018;3‚ÿ820,72
Nov 26, 2018;3‚ÿ779,13
Nov 25, 2018;4‚ÿ009,97
Nov 24, 2018;3‚ÿ880,76
Nov 23, 2018;4‚ÿ347,11
Nov 22, 2018;4‚ÿ365,94
Nov 21, 2018;4‚ÿ602,17
Nov 20, 2018;4‚ÿ451,87
Nov 19, 2018;4‚ÿ871,49
Nov 18, 2018;5‚ÿ623,54
Nov 17, 2018;5‚ÿ554,33
Nov 16, 2018;5‚ÿ575,55
Nov 15, 2018;5‚ÿ648,03
Nov 14, 2018;5‚ÿ738,35
Nov 13, 2018;6‚ÿ359,49
Nov 12, 2018;6‚ÿ371,27
Nov 11, 2018;6‚ÿ411,27
Nov 10, 2018;6‚ÿ409,22
Nov 09, 2018;6‚ÿ385,62
Nov 08, 2018;6‚ÿ453,72
Nov 07, 2018;6‚ÿ530,14
Nov 06, 2018;6‚ÿ461,01
Nov 05, 2018;6‚ÿ419,66
Nov 04, 2018;6‚ÿ376,13
Nov 03, 2018;6‚ÿ361,26
Nov 02, 2018;6‚ÿ388,44
Nov 01, 2018;6‚ÿ377,78
Oct 31, 2018;6‚ÿ317,61
Oct 30, 2018;6‚ÿ334,27
Oct 29, 2018;6‚ÿ332,63
Oct 28, 2018;6‚ÿ486,39
Oct 27, 2018;6‚ÿ480,38
Oct 26, 2018;6‚ÿ474,75
Oct 25, 2018;6‚ÿ476,29
Oct 24, 2018;6‚ÿ495,84
Oct 23, 2018;6‚ÿ475,74
Oct 22, 2018;6‚ÿ487,16
Oct 21, 2018;6‚ÿ482,35
Oct 20, 2018;6‚ÿ489,19
Oct 19, 2018;6‚ÿ465,41
Oct 18, 2018;6‚ÿ476,71
Oct 17, 2018;6‚ÿ544,43
Oct 16, 2018;6‚ÿ596,11
Oct 15, 2018;6‚ÿ596,54
Oct 14, 2018;6‚ÿ290,93
Oct 13, 2018;6‚ÿ285,99
Oct 12, 2018;6‚ÿ274,58
Oct 11, 2018;6‚ÿ256,24
Oct 10, 2018;6‚ÿ585,53
Oct 09, 2018;6‚ÿ642,64
Oct 08, 2018;6‚ÿ652,23
Oct 07, 2018;6‚ÿ602,95
Oct 06, 2018;6‚ÿ588,31
Oct 05, 2018;6‚ÿ622,48
Oct 04, 2018;6‚ÿ576,69
Oct 03, 2018;6‚ÿ502,59
Oct 02, 2018;6‚ÿ556,10
Oct 01, 2018;6‚ÿ589,62
Sep 30, 2018;6‚ÿ625,56
Sep 29, 2018;6‚ÿ601,96
Sep 28, 2018;6‚ÿ644,13
Sep 27, 2018;6‚ÿ676,75
Sep 26, 2018;6‚ÿ495,00
Sep 25, 2018;6‚ÿ446,47
Sep 24, 2018;6‚ÿ595,41
Sep 23, 2018;6‚ÿ710,63
Sep 22, 2018;6‚ÿ721,98
Sep 21, 2018;6‚ÿ734,95
Sep 20, 2018;6‚ÿ519,67
Sep 19, 2018;6‚ÿ398,54
Sep 18, 2018;6‚ÿ371,30
Sep 17, 2018;6‚ÿ281,20
Sep 16, 2018;6‚ÿ517,18
Sep 15, 2018;6‚ÿ543,20
Sep 14, 2018;6‚ÿ512,71
Sep 13, 2018;6‚ÿ517,31
Sep 12, 2018;6‚ÿ351,80
Sep 11, 2018;6‚ÿ321,20
Sep 10, 2018;6‚ÿ329,70
Sep 09, 2018;6‚ÿ300,86
Sep 08, 2018;6‚ÿ225,98
Sep 07, 2018;6‚ÿ467,07
Sep 06, 2018;6‚ÿ529,17
Sep 05, 2018;6‚ÿ792,83
Sep 04, 2018;7‚ÿ361,66
Sep 03, 2018;7‚ÿ260,06
Sep 02, 2018;7‚ÿ272,72
Sep 01, 2018;7‚ÿ193,25
Aug 31, 2018;7‚ÿ037,58
Aug 30, 2018;6‚ÿ978,23
Aug 29, 2018;7‚ÿ047,16
Aug 28, 2018;7‚ÿ096,28
Aug 27, 2018;6‚ÿ884,64
Aug 26, 2018;6‚ÿ707,26
Aug 25, 2018;6‚ÿ763,19
Aug 24, 2018;6‚ÿ719,96
Aug 23, 2018;6‚ÿ534,88
Aug 22, 2018;6‚ÿ376,71
Aug 21, 2018;6‚ÿ488,76
Aug 20, 2018;6‚ÿ308,53
Aug 19, 2018;6‚ÿ506,07
Aug 18, 2018;6‚ÿ423,76
Aug 17, 2018;6‚ÿ580,63
Aug 16, 2018;6‚ÿ334,73
Aug 15, 2018;6‚ÿ308,52
Aug 14, 2018;6‚ÿ199,71
Aug 13, 2018;6‚ÿ297,57
Aug 12, 2018;6‚ÿ322,69
Aug 11, 2018;6‚ÿ295,73
Aug 10, 2018;6‚ÿ184,71
Aug 09, 2018;6‚ÿ568,23
Aug 08, 2018;6‚ÿ305,80
Aug 07, 2018;6‚ÿ753,12
Aug 06, 2018;6‚ÿ951,80
Aug 05, 2018;7‚ÿ068,48
Aug 04, 2018;7‚ÿ032,85
Aug 03, 2018;7‚ÿ434,39
Aug 02, 2018;7‚ÿ567,15
Aug 01, 2018;7‚ÿ624,91
Jul 31, 2018;7‚ÿ780,44
Jul 30, 2018;8‚ÿ180,48
Jul 29, 2018;8‚ÿ218,46
Jul 28, 2018;8‚ÿ192,15
Jul 27, 2018;8‚ÿ165,01
Jul 26, 2018;7‚ÿ951,58
Jul 25, 2018;8‚ÿ181,39
Jul 24, 2018;8‚ÿ424,27
Jul 23, 2018;7‚ÿ711,11
Jul 22, 2018;7‚ÿ418,49
Jul 21, 2018;7‚ÿ419,29
Jul 20, 2018;7‚ÿ354,13
Jul 19, 2018;7‚ÿ466,86
Jul 18, 2018;7‚ÿ370,78
Jul 17, 2018;7‚ÿ321,04
Jul 16, 2018;6‚ÿ741,75
Jul 15, 2018;6‚ÿ359,64
Jul 14, 2018;6‚ÿ276,12
Jul 13, 2018;6‚ÿ238,05
Jul 12, 2018;6‚ÿ228,81
Jul 11, 2018;6‚ÿ394,71
Jul 10, 2018;6‚ÿ329,95
Jul 09, 2018;6‚ÿ741,75
Jul 08, 2018;6‚ÿ773,88
Jul 07, 2018;6‚ÿ856,93
Jul 06, 2018;6‚ÿ673,50
Jul 05, 2018;6‚ÿ639,14
Jul 04, 2018;6‚ÿ597,55
Jul 03, 2018;6‚ÿ529,59
Jul 02, 2018;6‚ÿ614,18
Jul 01, 2018;6‚ÿ385,82
Jun 30, 2018;6‚ÿ404,00
Jun 29, 2018;6‚ÿ218,30
Jun 28, 2018;5‚ÿ903,44
Jun 27, 2018;6‚ÿ157,13
Jun 26, 2018;6‚ÿ093,67
Jun 25, 2018;6‚ÿ249,18
Jun 24, 2018;6‚ÿ173,23
Jun 23, 2018;6‚ÿ162,48
Jun 22, 2018;6‚ÿ083,69
Jun 21, 2018;6‚ÿ729,74
Jun 20, 2018;6‚ÿ776,55
Jun 19, 2018;6‚ÿ769,94
Jun 18, 2018;6‚ÿ734,82
Jun 17, 2018;6‚ÿ499,27
Jun 16, 2018;6‚ÿ550,16
Jun 15, 2018;6‚ÿ456,58
Jun 14, 2018;6‚ÿ675,35
Jun 13, 2018;6‚ÿ349,90
Jun 12, 2018;6‚ÿ582,36
Jun 11, 2018;6‚ÿ906,92
Jun 10, 2018;6‚ÿ786,02
Jun 09, 2018;7‚ÿ531,98
Jun 08, 2018;7‚ÿ624,92
Jun 07, 2018;7‚ÿ678,24
Jun 06, 2018;7‚ÿ653,98
Jun 05, 2018;7‚ÿ633,76
Jun 04, 2018;7‚ÿ514,47
Jun 03, 2018;7‚ÿ720,25
Jun 02, 2018;7‚ÿ643,45
Jun 01, 2018;7‚ÿ541,45
May 31, 2018;7‚ÿ494,17
May 30, 2018;7‚ÿ406,52
May 29, 2018;7‚ÿ472,59
May 28, 2018;7‚ÿ135,99
May 27, 2018;7‚ÿ368,22
May 26, 2018;7‚ÿ355,88
May 25, 2018;7‚ÿ480,14
May 24, 2018;7‚ÿ587,34
May 23, 2018;7‚ÿ557,82
May 22, 2018;8‚ÿ041,78
May 21, 2018;8‚ÿ418,99
May 20, 2018;8‚ÿ513,25
May 19, 2018;8‚ÿ247,18
May 18, 2018;8‚ÿ250,97
May 17, 2018;8‚ÿ094,32
May 16, 2018;8‚ÿ368,83
May 15, 2018;8‚ÿ510,38
May 14, 2018;8‚ÿ716,79
May 13, 2018;8‚ÿ723,94
May 12, 2018;8‚ÿ504,89
May 11, 2018;8‚ÿ441,49
May 10, 2018;9‚ÿ043,94
May 09, 2018;9‚ÿ325,18
May 08, 2018;9‚ÿ234,82
May 07, 2018;9‚ÿ373,01
May 06, 2018;9‚ÿ654,80
May 05, 2018;9‚ÿ858,15
May 04, 2018;9‚ÿ700,76
May 03, 2018;9‚ÿ743,86
May 02, 2018;9‚ÿ235,92
May 01, 2018;9‚ÿ119,01
Apr 30, 2018;9‚ÿ240,55
Apr 29, 2018;9‚ÿ419,08
Apr 28, 2018;9‚ÿ348,48
Apr 27, 2018;8‚ÿ987,05
Apr 26, 2018;9‚ÿ281,51
Apr 25, 2018;8‚ÿ845,74
Apr 24, 2018;9‚ÿ697,50
Apr 23, 2018;8‚ÿ930,88
Apr 22, 2018;8‚ÿ802,46
Apr 21, 2018;8‚ÿ895,58
Apr 20, 2018;8‚ÿ845,83
Apr 19, 2018;8‚ÿ294,31
Apr 18, 2018;8‚ÿ163,42
Apr 17, 2018;7‚ÿ902,09
Apr 16, 2018;8‚ÿ058,67
Apr 15, 2018;8‚ÿ329,11
Apr 14, 2018;7‚ÿ986,24
Apr 13, 2018;7‚ÿ895,96
Apr 12, 2018;7‚ÿ889,25
Apr 11, 2018;6‚ÿ968,32
Apr 10, 2018;6‚ÿ834,76
Apr 09, 2018;6‚ÿ770,73
Apr 08, 2018;7‚ÿ023,52
Apr 07, 2018;6‚ÿ911,09
Apr 06, 2018;6‚ÿ636,32
Apr 05, 2018;6‚ÿ811,47
Apr 04, 2018;6‚ÿ853,84
Apr 03, 2018;7‚ÿ456,11
Apr 02, 2018;7‚ÿ083,80
Apr 01, 2018;6‚ÿ844,23
Mar 31, 2018;6‚ÿ973,53
Mar 30, 2018;6‚ÿ890,52
Mar 29, 2018;7‚ÿ165,70
Mar 28, 2018;7‚ÿ954,48
Mar 27, 2018;7‚ÿ833,04
Mar 26, 2018;8‚ÿ209,40
Mar 25, 2018;8‚ÿ495,78
Mar 24, 2018;8‚ÿ668,12
Mar 23, 2018;8‚ÿ879,62
Mar 22, 2018;8‚ÿ728,47
Mar 21, 2018;8‚ÿ929,28
Mar 20, 2018;8‚ÿ913,47
Mar 19, 2018;8‚ÿ630,65
Mar 18, 2018;8‚ÿ223,68
Mar 17, 2018;7‚ÿ916,88
Mar 16, 2018;8‚ÿ338,35
Mar 15, 2018;8‚ÿ300,86
Mar 14, 2018;8‚ÿ269,81
Mar 13, 2018;9‚ÿ194,85
Mar 12, 2018;9‚ÿ205,12
Mar 11, 2018;9‚ÿ578,63
Mar 10, 2018;8‚ÿ866,00
Mar 09, 2018;9‚ÿ337,55
Mar 08, 2018;9‚ÿ395,01
Mar 07, 2018;9‚ÿ965,57
Mar 06, 2018;10‚ÿ779,90
Mar 05, 2018;11‚ÿ573,30
Mar 04, 2018;11‚ÿ512,60
Mar 03, 2018;11‚ÿ489,70
Mar 02, 2018;11‚ÿ086,40
Mar 01, 2018;10‚ÿ951,00
Feb 28, 2018;10‚ÿ397,90
Feb 27, 2018;10‚ÿ725,60
Feb 26, 2018;10‚ÿ366,70
Feb 25, 2018;9‚ÿ664,73
Feb 24, 2018;9‚ÿ813,07
Feb 23, 2018;10‚ÿ301,10
Feb 22, 2018;10‚ÿ005,00
Feb 21, 2018;10‚ÿ690,40
Feb 20, 2018;11‚ÿ403,70
Feb 19, 2018;11‚ÿ225,30
Feb 18, 2018;10‚ÿ551,80
Feb 17, 2018;11‚ÿ112,70
Feb 16, 2018;10‚ÿ233,90
Feb 15, 2018;10‚ÿ166,40
Feb 14, 2018;9‚ÿ494,63
Feb 13, 2018;8‚ÿ598,31
Feb 12, 2018;8‚ÿ926,57
Feb 11, 2018;8‚ÿ129,97
Feb 10, 2018;8‚ÿ621,90
Feb 09, 2018;8‚ÿ736,98
Feb 08, 2018;8‚ÿ265,59
Feb 07, 2018;7‚ÿ621,30
Feb 06, 2018;7‚ÿ754,00
Feb 05, 2018;6‚ÿ955,27
Feb 04, 2018;8‚ÿ277,01
Feb 03, 2018;9‚ÿ174,91
Feb 02, 2018;8‚ÿ830,75
Feb 01, 2018;9‚ÿ170,54
